,Round,Tick,Type,relativeTime,Price,Quantity
0,1,1,at bid,0.006048081525584951,999.99,1
1,1,1,at bid,0.05516443609031084,999.99,1
2,1,1,at bid,0.08852055757083876,999.99,1
3,1,1,at bid,0.13515795827933763,999.99,1
4,1,1,at bid,0.18172770472938127,999.99,1
5,1,1,at ask,0.2791825680551426,1000.01,1
6,1,1,at ask,0.30177696028412154,1000.01,1
7,1,1,at bid,0.5131585350638689,999.99,1
8,1,1,at bid,0.5510784038930095,999.99,1
9,1,1,at bid,0.5625495966779634,999.99,1
10,1,1,at bid,0.6501098164787262,999.99,1
11,1,1,at bid,0.6813881519866873,999.99,1
12,1,1,at bid,0.7234696237628041,999.99,1
13,1,1,at bid,0.7917787112093844,999.99,1
14,1,1,at bid,0.8539653639947731,999.99,1
15,1,2,at ask,0.007200058545015637,1150.01,1
16,1,2,at ask,0.10316992364115483,1150.01,1
17,1,2,at ask,0.41159501321846304,1150.01,1
18,1,2,at ask,0.4969283864980902,1150.01,1
19,1,2,at ask,0.5480837720945266,1150.01,1
20,1,2,at ask,0.6706761060714537,1150.01,1
21,1,2,at ask,0.9196240022956818,1150.01,1
22,1,3,at ask,0.0712361734578326,1250.01,1
23,1,3,at ask,0.07276183474620475,1250.01,1
24,1,3,at ask,0.12264448140434857,1250.01,1
25,1,3,at ask,0.16881375932702417,1250.01,1
26,1,3,at bid,0.2086790097541837,1249.99,1
27,1,3,at bid,0.21016091592942102,1249.99,1
28,1,3,at ask,0.23251331897731128,1250.01,1
29,1,3,at ask,0.5126914973365224,1250.01,1
30,1,3,at ask,0.7806299941904727,1250.01,1
31,1,3,at bid,0.9235865241031433,1249.99,1
32,1,3,at ask,0.9467819723931985,1250.01,1
33,1,4,at ask,0.01394987430329809,1350.01,1
34,1,4,at bid,0.09419099606413658,1349.99,1
35,1,4,at ask,0.1867314333757139,1350.01,1
36,1,4,at ask,0.21496132755081554,1350.01,1
37,1,4,at ask,0.21641821618672866,1350.01,1
38,1,4,at bid,0.33169580054169645,1349.99,1
39,1,4,at ask,0.33758342724568613,1350.01,1
40,1,4,at ask,0.523393757829665,1350.01,1
41,1,4,at ask,0.5788520142542631,1350.01,1
42,1,4,at ask,0.6931913846189546,1350.01,1
43,1,4,at bid,0.7301166204677821,1349.99,1
44,1,4,at bid,0.8236080989367296,1349.99,1
45,1,5,at ask,0.055988019110899234,1500.01,1
46,1,5,at ask,0.12050122348295282,1500.01,1
47,1,5,at ask,0.2963347550815956,1500.01,1
48,1,5,at ask,0.38031805235578997,1500.01,1
49,1,5,at ask,0.4355969723545267,1500.01,1
50,1,5,at ask,0.5840841048273018,1500.01,1
51,1,5,at ask,0.594419747768728,1500.01,1
52,1,5,at bid,0.6949663473003687,1499.99,1
53,1,5,at ask,0.7212232262386242,1500.01,1
54,1,5,at ask,0.7569162120843951,1500.01,1
55,1,5,at ask,0.8049469408252972,1500.01,1
56,1,5,at bid,0.8376953595395592,1499.99,1
57,1,5,at ask,0.8491122909549498,1500.01,1
58,1,5,at ask,0.8555588744706294,1500.01,1
59,1,5,at ask,0.9253631986888433,1500.01,1
60,1,5,at ask,0.9785260886499182,1500.01,1
61,1,6,at bid,0.16689237834962972,1349.99,1
62,1,6,at bid,0.23756708832198703,1349.99,1
63,1,6,at ask,0.312093812509528,1350.01,1
64,1,6,at ask,0.3388308382379066,1350.01,1
65,1,6,at bid,0.36037519270556584,1349.99,1
66,1,6,at ask,0.6077307611282211,1350.01,1
67,1,6,at ask,0.6180356953228222,1350.01,1
68,1,6,at ask,0.8892945860805037,1350.01,1
69,1,6,at ask,0.9670531399632698,1350.01,1
70,1,7,at ask,0.010027319502591975,1400.01,1
71,1,7,at ask,0.014384265830515865,1400.01,1
72,1,7,at bid,0.09832005344069511,1399.99,1
73,1,7,at ask,0.14330119457967844,1400.01,1
74,1,7,at bid,0.24146747169892235,1399.99,1
75,1,7,at ask,0.2508526425386218,1400.01,1
76,1,7,at ask,0.9175654399801751,1400.01,1
77,1,7,at ask,0.9577899072083593,1400.01,1
78,1,8,at bid,0.0255173159125409,1499.99,1
79,1,8,at ask,0.04664430844800689,1500.01,1
80,1,8,at ask,0.18111611603375066,1500.01,1
81,1,8,at ask,0.21350946817354668,1500.01,1
82,1,8,at ask,0.23913117616709134,1500.01,1
83,1,8,at ask,0.2619738308573042,1500.01,1
84,1,8,at ask,0.3117022940213549,1500.01,1
85,1,8,at ask,0.31305377994803246,1500.01,1
86,1,8,at ask,0.40791766429587917,1500.01,1
87,1,8,at ask,0.5254776457936146,1500.01,1
88,1,8,at ask,0.567090585031091,1500.01,1
89,1,8,at bid,0.5812790656640511,1499.99,1
90,1,8,at ask,0.6361356021748716,1500.01,1
91,1,8,at ask,0.7518726174222424,1500.01,1
92,1,8,at ask,0.8938072696716963,1500.01,1
93,1,9,at bid,0.12033247224488254,1599.99,1
94,1,9,at ask,0.1840471834854665,1600.01,1
95,1,9,at ask,0.1867636610240272,1600.01,1
96,1,9,at ask,0.45170802949268474,1600.01,1
97,1,9,at ask,0.45730449693682407,1600.01,1
98,1,9,at ask,0.6688591054195009,1600.01,1
99,1,9,at ask,0.6821456723415302,1600.01,1
100,1,9,at ask,0.8076660965308748,1600.01,1
101,1,10,at bid,0.11658825264491637,1749.99,1
102,1,10,at bid,0.13599706880860388,1749.99,1
103,1,10,at bid,0.1606866318463955,1749.99,1
104,1,10,at bid,0.17246545532254015,1749.99,1
105,1,10,at bid,0.17519891410883404,1749.99,1
106,1,10,at bid,0.2375360447403863,1749.99,1
107,1,10,at bid,0.2682662960776557,1749.99,1
108,1,10,at bid,0.3641226573540662,1749.99,1
109,1,10,at bid,0.3910371533140565,1749.99,1
110,1,10,at bid,0.44458022210361847,1749.99,1
111,1,10,at bid,0.48213823700730135,1749.99,1
112,1,10,at bid,0.510166491553708,1749.99,1
113,1,10,at bid,0.5108436504464756,1749.99,1
114,1,10,at bid,0.5156304414617122,1749.99,1
115,1,10,at bid,0.5319643049989704,1749.99,1
116,1,10,at bid,0.6194747433774268,1749.99,1
117,1,10,at ask,0.6691772905411777,1750.01,1
118,1,10,at bid,0.8387919524610191,1749.99,1
119,1,10,at bid,0.8543158281578078,1749.99,1
120,1,10,at bid,0.8896754056626044,1749.99,1
121,1,10,at bid,0.9530483132342875,1749.99,1
122,1,10,at ask,0.9807806511085408,1750.01,1
123,1,10,at bid,0.9997892115368153,1749.99,1
124,1,11,at ask,0.024827648296613908,1650.01,1
125,1,11,at bid,0.1115188638000115,1649.99,1
126,1,11,at bid,0.16659025038251246,1649.99,1
127,1,11,at bid,0.20848805374736434,1649.99,1
128,1,11,at bid,0.2433952963225426,1649.99,1
129,1,11,at ask,0.42512989136116963,1650.01,1
130,1,11,at bid,0.4571826201425575,1649.99,1
131,1,11,at bid,0.5473506341386317,1649.99,1
132,1,11,at bid,0.5742888659461081,1649.99,1
133,1,11,at ask,0.5858229432916885,1650.01,1
134,1,11,at bid,0.6006167188594971,1649.99,1
135,1,11,at bid,0.7581483423800724,1649.99,1
136,1,11,at bid,0.7790342678399423,1649.99,1
137,1,11,at bid,0.8760807115657416,1649.99,1
138,1,11,at bid,0.9123256261088792,1649.99,1
139,1,12,at ask,0.04296107134293912,1550.01,1
140,1,12,at bid,0.06745181296562201,1549.99,1
141,1,12,at bid,0.09308749749035561,1549.99,1
142,1,12,at bid,0.14120761895251704,1549.99,1
143,1,12,at ask,0.14229109685696578,1550.01,1
144,1,12,at bid,0.18062645771285285,1549.99,1
145,1,12,at bid,0.19619468005795226,1549.99,1
146,1,12,at bid,0.28491986322812984,1549.99,1
147,1,12,at ask,0.3117635185469685,1550.01,1
148,1,12,at bid,0.3363178504495817,1549.99,1
149,1,12,at bid,0.38777911766782336,1549.99,1
150,1,12,at bid,0.6201980949668576,1549.99,1
151,1,12,at bid,0.6445339216466626,1549.99,1
152,1,12,at bid,0.9661618672151273,1549.99,1
153,1,13,at bid,0.005686015021410962,1499.99,1
154,1,13,at bid,0.10120860999533943,1499.99,1
155,1,13,at bid,0.30898842723994846,1499.99,1
156,1,13,at ask,0.4275610682923503,1500.01,1
157,1,13,at bid,0.4816265841170648,1499.99,1
158,1,13,at ask,0.5724802473491641,1500.01,1
159,1,13,at ask,0.5759261513420307,1500.01,1
160,1,13,at bid,0.6349132259022313,1499.99,1
161,1,13,at ask,0.751855090096679,1500.01,1
162,1,13,at bid,0.7798010604368824,1499.99,1
163,1,13,at ask,0.7926092343491293,1500.01,1
164,1,13,at bid,0.8416159594871467,1499.99,1
165,1,13,at bid,0.8699871791601224,1499.99,1
166,1,13,at ask,0.8742762088417843,1500.01,1
167,1,13,at bid,0.9694427316513106,1499.99,1
168,1,13,at ask,0.9699800698448741,1500.01,1
169,1,14,at ask,0.021142230392769936,1550.01,1
170,1,14,at ask,0.03639015366561198,1550.01,1
171,1,14,at ask,0.04717054414493083,1550.01,1
172,1,14,at ask,0.1347817660923534,1550.01,1
173,1,14,at bid,0.2805130244447881,1549.99,1
174,1,14,at bid,0.3489910106133384,1549.99,1
175,1,14,at ask,0.4200554562546502,1550.01,1
176,1,14,at ask,0.6115662030138616,1550.01,1
177,1,14,at ask,0.7059947211170458,1550.01,1
178,1,14,at bid,0.9674050736493844,1549.99,1
179,1,15,at bid,0.2182637707551712,1699.99,1
180,1,15,at bid,0.22035681136953986,1699.99,1
181,1,15,at ask,0.4040873662673906,1700.01,1
182,1,15,at bid,0.41841156274116414,1699.99,1
183,1,15,at ask,0.49074778837769484,1700.01,1
184,1,15,at ask,0.6323256176803111,1700.01,1
185,1,15,at ask,0.65640373544399,1700.01,1
186,1,15,at ask,0.8382320608653628,1700.01,1
187,1,15,at bid,0.8594590761032451,1699.99,1
188,1,15,at bid,0.8884787689604962,1699.99,1
189,1,15,at ask,0.9601909826156378,1700.01,1
190,1,15,at ask,0.9841278566371305,1700.01,1
191,1,16,at ask,0.21271145089174048,1800.01,1
192,1,16,at ask,0.22716469937801312,1800.01,1
193,1,16,at bid,0.3281607145790518,1799.99,1
194,1,16,at ask,0.3722224727023893,1800.01,1
195,1,16,at bid,0.4073007943124023,1799.99,1
196,1,16,at ask,0.5050814714426385,1800.01,1
197,1,16,at bid,0.5503513772775813,1799.99,1
198,1,16,at ask,0.5557668404636271,1800.01,1
199,1,16,at ask,0.5739528956663182,1800.01,1
200,1,16,at ask,0.6058073627198657,1800.01,1
201,1,16,at ask,0.6094783737503028,1800.01,1
202,1,16,at ask,0.8174518331117383,1800.01,1
203,1,16,at bid,0.8249220535168539,1799.99,1
204,1,16,at ask,0.9947785740265176,1800.01,1
205,1,17,at bid,0.04304002963767637,1699.99,1
206,1,17,at ask,0.09897719552687012,1700.01,1
207,1,17,at ask,0.11697184137349977,1700.01,1
208,1,17,at ask,0.12597273895238686,1700.01,1
209,1,17,at bid,0.28301099053527795,1699.99,1
210,1,17,at ask,0.3727709586520995,1700.01,1
211,1,17,at ask,0.39171915874754626,1700.01,1
212,1,17,at ask,0.41133125707371065,1700.01,1
213,1,17,at ask,0.43751170745710477,1700.01,1
214,1,17,at ask,0.44846496615329856,1700.01,1
215,1,17,at bid,0.47971537803200526,1699.99,1
216,1,17,at ask,0.6177434337784996,1700.01,1
217,1,17,at ask,0.6293122349719578,1700.01,1
218,1,17,at ask,0.7627080613658154,1700.01,1
219,1,17,at ask,0.938045172223511,1700.01,1
220,1,17,at ask,0.9502022814038891,1700.01,1
221,1,17,at ask,0.9690067989615235,1700.01,1
222,1,18,at bid,0.1816776338591276,1849.99,1
223,1,18,at ask,0.274473807431496,1850.01,1
224,1,18,at ask,0.2750494785628809,1850.01,1
225,1,18,at ask,0.3585094675075382,1850.01,1
226,1,18,at ask,0.42400625005125075,1850.01,1
227,1,18,at ask,0.5233860126641442,1850.01,1
228,1,18,at ask,0.5413341340984028,1850.01,1
229,1,18,at ask,0.6558874159489978,1850.01,1
230,1,18,at ask,0.9404743698844305,1850.01,1
231,1,19,at bid,0.0756022842505153,1749.99,1
232,1,19,at bid,0.12066477682055143,1749.99,1
233,1,19,at bid,0.185692654051078,1749.99,1
234,1,19,at bid,0.23513546808690697,1749.99,1
235,1,19,at bid,0.2786091424930572,1749.99,1
236,1,19,at bid,0.2868661296389135,1749.99,1
237,1,19,at bid,0.345240191501764,1749.99,1
238,1,19,at bid,0.44283223507001435,1749.99,1
239,1,19,at bid,0.5365440914792824,1749.99,1
240,1,19,at bid,0.5376975379117958,1749.99,1
241,1,19,at bid,0.7507438647332063,1749.99,1
242,1,19,at bid,0.7512713242448805,1749.99,1
243,1,19,at ask,0.8687746796819049,1750.01,1
244,1,19,at bid,0.9151936698761142,1749.99,1
245,1,19,at bid,0.9290414980376809,1749.99,1
246,1,20,at bid,0.024807954812129766,1649.99,1
247,1,20,at bid,0.04250776800303071,1649.99,1
248,1,20,at bid,0.06774308125586563,1649.99,1
249,1,20,at ask,0.13590148120303963,1650.01,1
250,1,20,at bid,0.15468195220842312,1649.99,1
251,1,20,at bid,0.19965750571685192,1649.99,1
252,1,20,at bid,0.29283255432817895,1649.99,1
253,1,20,at bid,0.35049915167849394,1649.99,1
254,1,20,at ask,0.36719091649163504,1650.01,1
255,1,20,at bid,0.4605390262632172,1649.99,1
256,1,20,at bid,0.6410781268779707,1649.99,1
257,1,20,at bid,0.6507446318878396,1649.99,1
258,1,20,at bid,0.7513117633201236,1649.99,1
259,1,20,at bid,0.7698146995188646,1649.99,1
260,1,20,at bid,0.7801356460386479,1649.99,1
261,1,20,at bid,0.8796789087383543,1649.99,1
262,1,20,at bid,0.8874709465883152,1649.99,1
263,1,20,at bid,0.943956250763391,1649.99,1
264,1,20,at bid,0.9442950038703324,1649.99,1
265,1,21,at bid,0.004900071072578826,1499.99,1
266,1,21,at ask,0.0328844471213237,1500.01,1
267,1,21,at bid,0.07500763353719489,1499.99,1
268,1,21,at bid,0.11811898670625054,1499.99,1
269,1,21,at bid,0.14855603327190164,1499.99,1
270,1,21,at bid,0.18779909549146495,1499.99,1
271,1,21,at bid,0.3285445841627077,1499.99,1
272,1,21,at bid,0.3694449552498039,1499.99,1
273,1,21,at bid,0.40499675242911676,1499.99,1
274,1,21,at bid,0.4395302492465391,1499.99,1
275,1,21,at bid,0.5660070737357441,1499.99,1
276,1,21,at bid,0.6842161482594239,1499.99,1
277,1,21,at bid,0.7781635966237457,1499.99,1
278,1,21,at ask,0.8040333880560834,1500.01,1
279,1,21,at ask,0.9905751216698508,1500.01,1
280,1,22,at bid,0.1292968606641319,1449.99,1
281,1,22,at bid,0.2927518226479201,1449.99,1
282,1,22,at bid,0.3158675802097508,1449.99,1
283,1,22,at bid,0.3409768102133466,1449.99,1
284,1,22,at bid,0.39232206957538013,1449.99,1
285,1,22,at ask,0.4773312282161126,1450.01,1
286,1,22,at bid,0.5221163441887032,1449.99,1
287,1,22,at bid,0.5260498890026877,1449.99,1
288,1,22,at bid,0.6275507564503526,1449.99,1
289,1,22,at bid,0.6685242070967164,1449.99,1
290,1,22,at bid,0.6786665512725555,1449.99,1
291,1,22,at bid,0.8816110986735597,1449.99,1
292,1,23,at bid,0.04365387632633844,1349.99,1
293,1,23,at bid,0.04615622487719879,1349.99,1
294,1,23,at bid,0.06538780512706183,1349.99,1
295,1,23,at ask,0.1411786871578119,1350.01,1
296,1,23,at bid,0.14248113856346248,1349.99,1
297,1,23,at bid,0.2209346062593774,1349.99,1
298,1,23,at bid,0.2302634743575094,1349.99,1
299,1,23,at bid,0.23986875330018673,1349.99,1
300,1,23,at bid,0.2445291785337267,1349.99,1
301,1,23,at ask,0.4140958689669081,1350.01,1
302,1,23,at ask,0.46063452445677755,1350.01,1
303,1,23,at bid,0.562212452272314,1349.99,1
304,1,23,at bid,0.5661990993684656,1349.99,1
305,1,23,at bid,0.5971475110864145,1349.99,1
306,1,23,at bid,0.6198979168820944,1349.99,1
307,1,23,at bid,0.8636296696298298,1349.99,1
308,1,23,at bid,0.9359511012667153,1349.99,1
309,1,23,at bid,0.9641557739912606,1349.99,1
310,1,23,at bid,0.974390051839674,1349.99,1
311,1,24,at bid,0.016050213037631388,1449.99,1
312,1,24,at ask,0.09918527887907996,1450.01,1
313,1,24,at ask,0.23094453588533567,1450.01,1
314,1,24,at ask,0.2908895994036638,1450.01,1
315,1,24,at ask,0.38920754295166315,1450.01,1
316,1,24,at ask,0.45218001089023996,1450.01,1
317,1,24,at bid,0.5307124708740931,1449.99,1
318,1,24,at ask,0.5881638894058087,1450.01,1
319,1,24,at ask,0.683716970780172,1450.01,1
320,1,24,at ask,0.7949057528449368,1450.01,1
321,1,24,at ask,0.8120208299739313,1450.01,1
322,1,24,at ask,0.903588784785629,1450.01,1
323,1,25,at bid,0.026636080256977238,1399.99,1
324,1,25,at bid,0.09221487930235037,1399.99,1
325,1,25,at bid,0.10007087298590496,1399.99,1
326,1,25,at bid,0.12081075562911082,1399.99,1
327,1,25,at bid,0.21871213500577455,1399.99,1
328,1,25,at bid,0.26269340672812097,1399.99,1
329,1,25,at bid,0.4815307565073898,1399.99,1
330,1,25,at bid,0.5212050879635927,1399.99,1
331,1,25,at bid,0.5350653549493646,1399.99,1
332,1,25,at bid,0.8009227552152569,1399.99,1
333,1,25,at bid,0.8310601745586432,1399.99,1
334,1,25,at bid,0.863127982099869,1399.99,1
335,1,26,at ask,0.006142753660983002,1550.01,1
336,1,26,at bid,0.02046044701398127,1549.99,1
337,1,26,at bid,0.1919315845921725,1549.99,1
338,1,26,at ask,0.19360508401309523,1550.01,1
339,1,26,at bid,0.20352291568351846,1549.99,1
340,1,26,at ask,0.23860270378579124,1550.01,1
341,1,26,at ask,0.3070225395518701,1550.01,1
342,1,26,at bid,0.4658146771263715,1549.99,1
343,1,26,at bid,0.5697325993064067,1549.99,1
344,1,26,at ask,0.5924494152501597,1550.01,1
345,1,26,at ask,0.6580999561695455,1550.01,1
346,1,26,at ask,0.6798622467447392,1550.01,1
347,1,26,at ask,0.6803457069031411,1550.01,1
348,1,26,at ask,0.7196630624242277,1550.01,1
349,1,26,at ask,0.7346592671006048,1550.01,1
350,1,26,at ask,0.7580897756214603,1550.01,1
351,1,26,at ask,0.8148052208106905,1550.01,1
352,1,26,at ask,0.9392347117979293,1550.01,1
353,1,26,at ask,0.9521080449570234,1550.01,1
354,1,26,at ask,0.9557880277402967,1550.01,1
355,1,26,at ask,0.9667827497039921,1550.01,1
356,1,27,at ask,0.07177905744088703,1450.01,1
357,1,27,at ask,0.1155256609439666,1450.01,1
358,1,27,at ask,0.11978965881112047,1450.01,1
359,1,27,at ask,0.12939624122011106,1450.01,1
360,1,27,at bid,0.1294928654923069,1449.99,1
361,1,27,at bid,0.24516213747870103,1449.99,1
362,1,27,at ask,0.26163588657920284,1450.01,1
363,1,27,at bid,0.3706398538078515,1449.99,1
364,1,27,at ask,0.4193184422505984,1450.01,1
365,1,27,at ask,0.5915239177375988,1450.01,1
366,1,27,at ask,0.7420878222772069,1450.01,1
367,1,27,at ask,0.7593008613136677,1450.01,1
368,1,27,at ask,0.9965024957864003,1450.01,1
369,1,28,at ask,0.06689290170323034,1600.01,1
370,1,28,at ask,0.11914326187268068,1600.01,1
371,1,28,at bid,0.24892699407881091,1599.99,1
372,1,28,at ask,0.2739249098982513,1600.01,1
373,1,28,at ask,0.41095760489169486,1600.01,1
374,1,28,at ask,0.5557893704661192,1600.01,1
375,1,28,at ask,0.5786343778040537,1600.01,1
376,1,28,at ask,0.5950296633708211,1600.01,1
377,1,28,at bid,0.6827963822331047,1599.99,1
378,1,28,at bid,0.740918304180759,1599.99,1
379,1,28,at ask,0.8044610437819465,1600.01,1
380,1,28,at bid,0.861895527547863,1599.99,1
381,1,28,at bid,0.8915586058793838,1599.99,1
382,1,29,at bid,0.02616803230609591,1499.99,1
383,1,29,at ask,0.07721137576128712,1500.01,1
384,1,29,at bid,0.11655540920308452,1499.99,1
385,1,29,at bid,0.27461604512780835,1499.99,1
386,1,29,at bid,0.31638983087138295,1499.99,1
387,1,29,at bid,0.33707315237699403,1499.99,1
388,1,29,at bid,0.3936881549077822,1499.99,1
389,1,29,at bid,0.4793853776568672,1499.99,1
390,1,29,at ask,0.48955947856043486,1500.01,1
391,1,29,at bid,0.6028957674943198,1499.99,1
392,1,29,at bid,0.7241907710438898,1499.99,1
393,1,29,at bid,0.7257086039145569,1499.99,1
394,1,29,at bid,0.8695082835444211,1499.99,1
395,1,29,at bid,0.9364747369825699,1499.99,1
396,1,29,at bid,0.9494543916849975,1499.99,1
397,1,29,at bid,0.9523974235613579,1499.99,1
398,1,30,at bid,0.0570158954170988,1399.99,1
399,1,30,at bid,0.17317796158446264,1399.99,1
400,1,30,at bid,0.2895886194082376,1399.99,1
401,1,30,at bid,0.3300450919584891,1399.99,1
402,1,30,at bid,0.3583006255382343,1399.99,1
403,1,30,at bid,0.386006962167526,1399.99,1
404,1,30,at ask,0.3927729338818576,1400.01,1
405,1,30,at bid,0.4688505527191376,1399.99,1
406,1,30,at bid,0.6853912150100294,1399.99,1
407,1,30,at bid,0.746613433190863,1399.99,1
408,1,30,at bid,0.8478259326237298,1399.99,1
409,1,30,at bid,0.8816644127903033,1399.99,1
410,1,31,at bid,0.061965579279499625,1249.99,1
411,1,31,at ask,0.1186330985003837,1250.01,1
412,1,31,at bid,0.17438424383310164,1249.99,1
413,1,31,at bid,0.19727113593993417,1249.99,1
414,1,31,at bid,0.21840612004989807,1249.99,1
415,1,31,at bid,0.27526171140326783,1249.99,1
416,1,31,at bid,0.27755523608257127,1249.99,1
417,1,31,at bid,0.4060947998622043,1249.99,1
418,1,31,at ask,0.44325952467532864,1250.01,1
419,1,31,at bid,0.4607370361121903,1249.99,1
420,1,31,at ask,0.4794867156265118,1250.01,1
421,1,31,at bid,0.5070175256338422,1249.99,1
422,1,31,at bid,0.5661895133884292,1249.99,1
423,1,31,at bid,0.6569924365403218,1249.99,1
424,1,31,at ask,0.6861625921502332,1250.01,1
425,1,31,at bid,0.7236293881794159,1249.99,1
426,1,31,at bid,0.8310545504603915,1249.99,1
427,1,31,at bid,0.8705010386539129,1249.99,1
428,1,31,at bid,0.9034981437256171,1249.99,1
429,1,31,at bid,0.9212085346839628,1249.99,1
430,1,32,at bid,0.04568858742389685,1099.99,1
431,1,32,at bid,0.12312820980517486,1099.99,1
432,1,32,at bid,0.1510490950865291,1099.99,1
433,1,32,at bid,0.20795076616363514,1099.99,1
434,1,32,at bid,0.2786151907924153,1099.99,1
435,1,32,at ask,0.29110511457779586,1100.01,1
436,1,32,at bid,0.31298310363914156,1099.99,1
437,1,32,at ask,0.48801749256319943,1100.01,1
438,1,32,at bid,0.5086344230754016,1099.99,1
439,1,32,at bid,0.5540927084472251,1099.99,1
440,1,32,at bid,0.6237527411038163,1099.99,1
441,1,32,at bid,0.7809536710937406,1099.99,1
442,1,32,at bid,0.8216596907701751,1099.99,1
443,1,32,at bid,0.8321819581453499,1099.99,1
444,1,32,at bid,0.8569967261858509,1099.99,1
445,1,32,at bid,0.9848328340284193,1099.99,1
446,1,32,at bid,0.9971231611141054,1099.99,1
447,1,33,at ask,0.012197673272805536,1150.01,1
448,1,33,at bid,0.22128741325644144,1149.99,1
449,1,33,at bid,0.3043212831841223,1149.99,1
450,1,33,at ask,0.4237381304559166,1150.01,1
451,1,33,at ask,0.5060817452986432,1150.01,1
452,1,33,at ask,0.7440457865808403,1150.01,1
453,1,33,at ask,0.7560567851063977,1150.01,1
454,1,33,at bid,0.8402203924367926,1149.99,1
455,1,33,at ask,0.8848394719064542,1150.01,1
456,1,33,at ask,0.9618357972432016,1150.01,1
457,1,34,at ask,0.033035323691753715,1250.01,1
458,1,34,at ask,0.09368017090278577,1250.01,1
459,1,34,at ask,0.15164392902475976,1250.01,1
460,1,34,at ask,0.24334533528848828,1250.01,1
461,1,34,at ask,0.27787018046797973,1250.01,1
462,1,34,at ask,0.2850840366741342,1250.01,1
463,1,34,at ask,0.32807487730701934,1250.01,1
464,1,34,at bid,0.41532767241759877,1249.99,1
465,1,34,at bid,0.5255264370079787,1249.99,1
466,1,34,at bid,0.6269095393245381,1249.99,1
467,1,34,at ask,0.6838523960436501,1250.01,1
468,1,34,at ask,0.6872618156815498,1250.01,1
469,1,34,at ask,0.7736642235827482,1250.01,1
470,1,34,at ask,0.7830834843271386,1250.01,1
471,1,34,at ask,0.8166320575170923,1250.01,1
472,1,34,at ask,0.8283055794323934,1250.01,1
473,1,35,at bid,0.015977296375682872,1349.99,1
474,1,35,at bid,0.020504279271693418,1349.99,1
475,1,35,at ask,0.15005423393058703,1350.01,1
476,1,35,at ask,0.1744449909829185,1350.01,1
477,1,35,at ask,0.21616767876452128,1350.01,1
478,1,35,at ask,0.22119635404859084,1350.01,1
479,1,35,at ask,0.4597783134918314,1350.01,1
480,1,35,at ask,0.5398612742718918,1350.01,1
481,1,35,at ask,0.5786448042313016,1350.01,1
482,1,35,at ask,0.7366984942851602,1350.01,1
483,1,35,at ask,0.770100550975249,1350.01,1
484,1,35,at bid,0.826772257493037,1349.99,1
485,1,35,at ask,0.8582110563784356,1350.01,1
486,1,35,at ask,0.9536908920099619,1350.01,1
487,1,36,at ask,0.006191524793690208,1400.01,1
488,1,36,at ask,0.07485745595288462,1400.01,1
489,1,36,at ask,0.15101403070224179,1400.01,1
490,1,36,at bid,0.19574140717124375,1399.99,1
491,1,36,at bid,0.289867749376986,1399.99,1
492,1,36,at ask,0.308929771175955,1400.01,1
493,1,36,at ask,0.3503484559734826,1400.01,1
494,1,36,at bid,0.35879652829573405,1399.99,1
495,1,36,at ask,0.39823287335999624,1400.01,1
496,1,36,at ask,0.5302440952594153,1400.01,1
497,1,36,at ask,0.6472296242857443,1400.01,1
498,1,36,at ask,0.7828583830075677,1400.01,1
499,1,36,at ask,0.8194543323846248,1400.01,1
500,1,36,at ask,0.9653526471836666,1400.01,1
501,1,37,at ask,0.14625247657934173,1500.01,1
502,1,37,at bid,0.20549421741168214,1499.99,1
503,1,37,at ask,0.2550322551644627,1500.01,1
504,1,37,at ask,0.2742158802547205,1500.01,1
505,1,37,at ask,0.3113408741171188,1500.01,1
506,1,37,at ask,0.3333305236537807,1500.01,1
507,1,37,at ask,0.3921677791227225,1500.01,1
508,1,37,at ask,0.5360156040763475,1500.01,1
509,1,37,at ask,0.632677748257538,1500.01,1
510,1,37,at ask,0.6802545723551701,1500.01,1
511,1,37,at ask,0.687474213071484,1500.01,1
512,1,37,at ask,0.8717533388154063,1500.01,1
513,1,37,at ask,0.9652065669102795,1500.01,1
514,1,37,at ask,0.9699382583127929,1500.01,1
515,1,38,at bid,0.05552053594876442,1449.99,1
516,1,38,at bid,0.11372431825654761,1449.99,1
517,1,38,at bid,0.14617375021112355,1449.99,1
518,1,38,at bid,0.1809462122338236,1449.99,1
519,1,38,at bid,0.2583895083707359,1449.99,1
520,1,38,at bid,0.3414802806777113,1449.99,1
521,1,38,at bid,0.42222466316738877,1449.99,1
522,1,38,at ask,0.43312978124129914,1450.01,1
523,1,38,at bid,0.45949800823567594,1449.99,1
524,1,38,at bid,0.7331304048263634,1449.99,1
525,1,38,at bid,0.8504036039758411,1449.99,1
526,1,38,at ask,0.9379777816030513,1450.01,1
527,1,38,at bid,0.9811717478673448,1449.99,1
528,1,38,at bid,0.9894653647366172,1449.99,1
529,1,39,at bid,0.01977671101301485,1349.99,1
530,1,39,at ask,0.05431963225129278,1350.01,1
531,1,39,at bid,0.08859714563566054,1349.99,1
532,1,39,at bid,0.14114569173255195,1349.99,1
533,1,39,at ask,0.3248935336161979,1350.01,1
534,1,39,at ask,0.34109526808812546,1350.01,1
535,1,39,at bid,0.34830341265688874,1349.99,1
536,1,39,at bid,0.4043959475167779,1349.99,1
537,1,39,at bid,0.4388219961765436,1349.99,1
538,1,39,at bid,0.6915441840078898,1349.99,1
539,1,39,at ask,0.8073568865900737,1350.01,1
540,1,39,at bid,0.852370240419893,1349.99,1
541,1,39,at bid,0.8700523787931739,1349.99,1
542,1,40,at bid,0.1930524918722886,1249.99,1
543,1,40,at ask,0.21760359811715596,1250.01,1
544,1,40,at bid,0.2491376295238912,1249.99,1
545,1,40,at bid,0.2517387201443181,1249.99,1
546,1,40,at bid,0.29711225749050546,1249.99,1
547,1,40,at bid,0.3085127768243458,1249.99,1
548,1,40,at bid,0.3348886006964076,1249.99,1
549,1,40,at bid,0.3395674646025367,1249.99,1
550,1,40,at ask,0.3415637629629762,1250.01,1
551,1,40,at bid,0.35064751093225566,1249.99,1
552,1,40,at bid,0.36878602386728077,1249.99,1
553,1,40,at bid,0.411741271989462,1249.99,1
554,1,40,at bid,0.5200429686909231,1249.99,1
555,1,40,at bid,0.5699100960778031,1249.99,1
556,1,40,at bid,0.6937733680050004,1249.99,1
557,1,40,at bid,0.7831578042936432,1249.99,1
558,1,40,at bid,0.8948945643550583,1249.99,1
559,2,1,at ask,0.03219456234703034,1000.01,1
560,2,1,at bid,0.0436828518861382,999.99,1
561,2,1,at ask,0.1412425124382481,1000.01,1
562,2,1,at bid,0.3822856735751034,999.99,1
563,2,1,at ask,0.4186890505220497,1000.01,1
564,2,1,at ask,0.4738286187881777,1000.01,1
565,2,1,at bid,0.5149631494623139,999.99,1
566,2,1,at ask,0.7682280011791467,1000.01,1
567,2,1,at bid,0.8485162356197201,999.99,1
568,2,1,at ask,0.9672574528449034,1000.01,1
569,2,2,at ask,0.032665858225302824,1100.01,1
570,2,2,at ask,0.0930338551192427,1100.01,1
571,2,2,at ask,0.11250144343786969,1100.01,1
572,2,2,at ask,0.12963007828519588,1100.01,1
573,2,2,at bid,0.23183970846508084,1099.99,1
574,2,2,at ask,0.24548724207664277,1100.01,1
575,2,2,at ask,0.3034710130490571,1100.01,1
576,2,2,at ask,0.31058088564256336,1100.01,1
577,2,2,at ask,0.4406637749598121,1100.01,1
578,2,2,at ask,0.4840962241731639,1100.01,1
579,2,2,at ask,0.5189345810439712,1100.01,1
580,2,2,at ask,0.5324072062994796,1100.01,1
581,2,2,at bid,0.5342696764633552,1099.99,1
582,2,2,at ask,0.5534320199951069,1100.01,1
583,2,2,at ask,0.5571780396598572,1100.01,1
584,2,2,at ask,0.6340700764123247,1100.01,1
585,2,2,at ask,0.6931160394512222,1100.01,1
586,2,2,at ask,0.7718464146348478,1100.01,1
587,2,2,at ask,0.806399274453889,1100.01,1
588,2,2,at ask,0.8818513296990236,1100.01,1
589,2,2,at ask,0.8960283257706502,1100.01,1
590,2,2,at bid,0.9653560265715404,1099.99,1
591,2,2,at ask,0.9815325996899119,1100.01,1
592,2,3,at bid,0.04409013619490316,1149.99,1
593,2,3,at bid,0.06835955945479581,1149.99,1
594,2,3,at ask,0.21550020403656722,1150.01,1
595,2,3,at ask,0.2354913291775984,1150.01,1
596,2,3,at bid,0.2988212477701582,1149.99,1
597,2,3,at bid,0.3566592236218215,1149.99,1
598,2,3,at ask,0.3924394328302005,1150.01,1
599,2,3,at ask,0.43882729164676826,1150.01,1
600,2,3,at ask,0.4811588044999969,1150.01,1
601,2,3,at ask,0.5101539866632899,1150.01,1
602,2,3,at ask,0.6340151456758258,1150.01,1
603,2,3,at ask,0.7077629314945566,1150.01,1
604,2,3,at ask,0.7665587657212696,1150.01,1
605,2,3,at ask,0.9214002622777135,1150.01,1
606,2,3,at bid,0.9754484207276715,1149.99,1
607,2,4,at ask,0.0266145490102714,1250.01,1
608,2,4,at ask,0.22333652238503138,1250.01,1
609,2,4,at ask,0.38339580918448324,1250.01,1
610,2,4,at ask,0.5356935142569984,1250.01,1
611,2,4,at ask,0.5562134044107201,1250.01,1
612,2,4,at ask,0.6652978712984796,1250.01,1
613,2,4,at bid,0.6655812285420694,1249.99,1
614,2,4,at ask,0.677632876504941,1250.01,1
615,2,4,at ask,0.8047551526825764,1250.01,1
616,2,4,at ask,0.865639780377565,1250.01,1
617,2,4,at ask,0.9598640754173547,1250.01,1
618,2,4,at ask,0.9711696203456053,1250.01,1
619,2,5,at ask,0.04749417944369245,1300.01,1
620,2,5,at ask,0.12625755391619656,1300.01,1
621,2,5,at bid,0.13217447979324634,1299.99,1
622,2,5,at ask,0.13465774017697893,1300.01,1
623,2,5,at ask,0.23381356175018458,1300.01,1
624,2,5,at ask,0.26484183870703937,1300.01,1
625,2,5,at ask,0.3843849798061448,1300.01,1
626,2,5,at ask,0.47701888880746307,1300.01,1
627,2,5,at ask,0.49107270797279023,1300.01,1
628,2,5,at ask,0.6139337999831497,1300.01,1
629,2,5,at ask,0.7544081542825707,1300.01,1
630,2,5,at ask,0.7895519948823765,1300.01,1
631,2,5,at bid,0.8257561906366755,1299.99,1
632,2,5,at ask,0.9101932020622574,1300.01,1
633,2,6,at bid,0.037362186914474786,1399.99,1
634,2,6,at ask,0.040069695357043626,1400.01,1
635,2,6,at ask,0.050493170925862974,1400.01,1
636,2,6,at ask,0.06047938150455483,1400.01,1
637,2,6,at ask,0.10662955644901861,1400.01,1
638,2,6,at bid,0.13984026102876534,1399.99,1
639,2,6,at ask,0.25045999169765065,1400.01,1
640,2,6,at ask,0.2580887193993904,1400.01,1
641,2,6,at ask,0.3678289028513715,1400.01,1
642,2,6,at bid,0.4159938319251408,1399.99,1
643,2,6,at ask,0.4471142361918671,1400.01,1
644,2,6,at ask,0.551774028616362,1400.01,1
645,2,6,at ask,0.659351810644091,1400.01,1
646,2,6,at ask,0.7771583383950148,1400.01,1
647,2,6,at ask,0.914409126202735,1400.01,1
648,2,7,at ask,0.07244629589545833,1250.01,1
649,2,7,at ask,0.07862252611641779,1250.01,1
650,2,7,at bid,0.2153826396975131,1249.99,1
651,2,7,at ask,0.2659098539174134,1250.01,1
652,2,7,at ask,0.37548541147165504,1250.01,1
653,2,7,at ask,0.5627836288409868,1250.01,1
654,2,7,at ask,0.6676203952189034,1250.01,1
655,2,7,at ask,0.6727047500480231,1250.01,1
656,2,7,at ask,0.6808293740053282,1250.01,1
657,2,7,at ask,0.6953299045011121,1250.01,1
658,2,7,at ask,0.7365705091329586,1250.01,1
659,2,7,at ask,0.8375321508480509,1250.01,1
660,2,7,at bid,0.8811741788422637,1249.99,1
661,2,7,at ask,0.9051857095222858,1250.01,1
662,2,8,at ask,0.05206885474877906,1400.01,1
663,2,8,at ask,0.10083676467657209,1400.01,1
664,2,8,at ask,0.15689944559825775,1400.01,1
665,2,8,at ask,0.1827524680405251,1400.01,1
666,2,8,at ask,0.20170253244620975,1400.01,1
667,2,8,at ask,0.21323832081201152,1400.01,1
668,2,8,at ask,0.2896368027813353,1400.01,1
669,2,8,at ask,0.5043098475707674,1400.01,1
670,2,8,at ask,0.5880096958305899,1400.01,1
671,2,9,at ask,0.11293710043759499,1500.01,1
672,2,9,at ask,0.26072931149336365,1500.01,1
673,2,9,at ask,0.4033557050135884,1500.01,1
674,2,9,at ask,0.40918059597368317,1500.01,1
675,2,9,at ask,0.4578057387597604,1500.01,1
676,2,9,at ask,0.5800874347219119,1500.01,1
677,2,9,at ask,0.7006657938535708,1500.01,1
678,2,9,at ask,0.7188921440326371,1500.01,1
679,2,9,at ask,0.7234835699645114,1500.01,1
680,2,9,at ask,0.7573637965652287,1500.01,1
681,2,9,at ask,0.7780261166769726,1500.01,1
682,2,9,at ask,0.8035117951873869,1500.01,1
683,2,9,at bid,0.8455381684602421,1499.99,1
684,2,9,at ask,0.8471714446111848,1500.01,1
685,2,9,at bid,0.9867776322608565,1499.99,1
686,2,10,at ask,0.04376682068811512,1550.01,1
687,2,10,at ask,0.050104133287463055,1550.01,1
688,2,10,at ask,0.06431123417783591,1550.01,1
689,2,10,at ask,0.19654384962219032,1550.01,1
690,2,10,at bid,0.2216577196111702,1549.99,1
691,2,10,at ask,0.22829219122344058,1550.01,1
692,2,10,at ask,0.2288402566234433,1550.01,1
693,2,10,at ask,0.2427690774211655,1550.01,1
694,2,10,at bid,0.24942375620277807,1549.99,1
695,2,10,at ask,0.27713168679677275,1550.01,1
696,2,10,at ask,0.28300764638732356,1550.01,1
697,2,10,at ask,0.3431025171829247,1550.01,1
698,2,10,at ask,0.3968276628098799,1550.01,1
699,2,10,at ask,0.4553698727346977,1550.01,1
700,2,10,at ask,0.5209260817529522,1550.01,1
701,2,10,at bid,0.5432678359282337,1549.99,1
702,2,10,at ask,0.5438651050310972,1550.01,1
703,2,10,at ask,0.7170263806156858,1550.01,1
704,2,10,at ask,0.743728253327278,1550.01,1
705,2,10,at ask,0.8205380851311197,1550.01,1
706,2,10,at ask,0.8766340090650807,1550.01,1
707,2,10,at bid,0.9841894081848421,1549.99,1
708,2,11,at ask,0.03963659505230441,1600.01,1
709,2,11,at ask,0.29564404210686335,1600.01,1
710,2,11,at ask,0.3722231782115116,1600.01,1
711,2,11,at ask,0.3735221553659184,1600.01,1
712,2,11,at ask,0.4599064202661781,1600.01,1
713,2,11,at ask,0.5055069118705047,1600.01,1
714,2,11,at ask,0.5268100607120164,1600.01,1
715,2,11,at ask,0.5424664810321007,1600.01,1
716,2,11,at ask,0.5975291227622445,1600.01,1
717,2,11,at bid,0.6744940163261112,1599.99,1
718,2,11,at ask,0.6840980116536004,1600.01,1
719,2,11,at ask,0.6971147368231893,1600.01,1
720,2,11,at ask,0.7116868552409317,1600.01,1
721,2,11,at ask,0.7403023778886528,1600.01,1
722,2,11,at ask,0.7980254785856153,1600.01,1
723,2,11,at ask,0.8082545646713389,1600.01,1
724,2,11,at ask,0.8377327424931335,1600.01,1
725,2,11,at bid,0.8976629019538165,1599.99,1
726,2,11,at bid,0.9090978111906741,1599.99,1
727,2,11,at ask,0.978290939669759,1600.01,1
728,2,12,at bid,0.06725431250117656,1749.99,1
729,2,12,at ask,0.12175614862404316,1750.01,1
730,2,12,at ask,0.13023065886343035,1750.01,1
731,2,12,at ask,0.15848618572464573,1750.01,1
732,2,12,at ask,0.2640680668011166,1750.01,1
733,2,12,at bid,0.46114185480194764,1749.99,1
734,2,12,at ask,0.46908199612058415,1750.01,1
735,2,12,at ask,0.5442171356681229,1750.01,1
736,2,12,at bid,0.552099042154028,1749.99,1
737,2,12,at ask,0.6181657035518672,1750.01,1
738,2,12,at ask,0.6307164179742903,1750.01,1
739,2,12,at ask,0.7164841149931896,1750.01,1
740,2,12,at ask,0.7745034166729321,1750.01,1
741,2,12,at ask,0.8034316315172798,1750.01,1
742,2,12,at ask,0.8245626879466705,1750.01,1
743,2,12,at ask,0.901667628143502,1750.01,1
744,2,12,at ask,0.9448417798619935,1750.01,1
745,2,13,at bid,0.0006914618148255894,1799.99,1
746,2,13,at bid,0.05741612782917315,1799.99,1
747,2,13,at ask,0.35831911993584536,1800.01,1
748,2,13,at ask,0.4062860831288388,1800.01,1
749,2,13,at bid,0.4262565487484851,1799.99,1
750,2,13,at ask,0.462958256220383,1800.01,1
751,2,13,at ask,0.5269785542395371,1800.01,1
752,2,13,at ask,0.6640014460637843,1800.01,1
753,2,13,at ask,0.7543765249183019,1800.01,1
754,2,14,at ask,0.048768038111715324,1900.01,1
755,2,14,at ask,0.05431319274858677,1900.01,1
756,2,14,at ask,0.151045861310376,1900.01,1
757,2,14,at ask,0.1887894966011959,1900.01,1
758,2,14,at ask,0.19336401194673816,1900.01,1
759,2,14,at ask,0.2541892616414878,1900.01,1
760,2,14,at ask,0.2786943308944552,1900.01,1
761,2,14,at ask,0.3975316882414839,1900.01,1
762,2,14,at ask,0.42004326551757404,1900.01,1
763,2,14,at ask,0.463754160447152,1900.01,1
764,2,14,at ask,0.4855479879812754,1900.01,1
765,2,14,at ask,0.5550779826032042,1900.01,1
766,2,14,at ask,0.567427778125191,1900.01,1
767,2,14,at ask,0.6341534600603044,1900.01,1
768,2,14,at ask,0.7676271003223613,1900.01,1
769,2,14,at ask,0.7901760746578348,1900.01,1
770,2,14,at ask,0.7908487569025069,1900.01,1
771,2,14,at bid,0.9036744973792965,1899.99,1
772,2,14,at bid,0.928813638597037,1899.99,1
773,2,15,at bid,0.003490436189482036,1949.99,1
774,2,15,at bid,0.2462877847586867,1949.99,1
775,2,15,at bid,0.26833424773661824,1949.99,1
776,2,15,at ask,0.2762853044949749,1950.01,1
777,2,15,at bid,0.28974512103243466,1949.99,1
778,2,15,at bid,0.32651374998906346,1949.99,1
779,2,15,at bid,0.32943654575671,1949.99,1
780,2,15,at bid,0.41261842129722787,1949.99,1
781,2,15,at bid,0.44074912449535464,1949.99,1
782,2,15,at bid,0.45014739829970507,1949.99,1
783,2,15,at bid,0.4787751905926992,1949.99,1
784,2,15,at bid,0.49723630004858443,1949.99,1
785,2,15,at ask,0.4977554845023433,1950.01,1
786,2,15,at bid,0.6185625323804547,1949.99,1
787,2,15,at bid,0.6392961980301947,1949.99,1
788,2,15,at bid,0.6869440658057742,1949.99,1
789,2,15,at bid,0.7573722894862684,1949.99,1
790,2,15,at ask,0.8224497112636253,1950.01,1
791,2,15,at bid,0.9244289967278791,1949.99,1
792,2,15,at ask,0.9297775045074663,1950.01,1
793,2,15,at bid,0.9313399024483351,1949.99,1
794,2,16,at bid,0.04444317253979387,1899.99,1
795,2,16,at bid,0.08336913238703207,1899.99,1
796,2,16,at bid,0.16886109864767784,1899.99,1
797,2,16,at ask,0.27213253013673844,1900.01,1
798,2,16,at ask,0.2893948670358411,1900.01,1
799,2,16,at bid,0.2982318631804285,1899.99,1
800,2,16,at bid,0.3029309229113284,1899.99,1
801,2,16,at bid,0.34907565853447226,1899.99,1
802,2,16,at bid,0.425693131928327,1899.99,1
803,2,16,at ask,0.5114426897792431,1900.01,1
804,2,16,at ask,0.8123803293238918,1900.01,1
805,2,16,at bid,0.974679361079223,1899.99,1
806,2,16,at bid,0.990739182931867,1899.99,1
807,2,16,at bid,0.9950325684051996,1899.99,1
808,2,17,at bid,0.032529364011089426,1849.99,1
809,2,17,at bid,0.08623123227913833,1849.99,1
810,2,17,at ask,0.09564622937518094,1850.01,1
811,2,17,at bid,0.09972786058092599,1849.99,1
812,2,17,at bid,0.167226109801231,1849.99,1
813,2,17,at bid,0.5039997698163254,1849.99,1
814,2,17,at bid,0.614694603426348,1849.99,1
815,2,17,at bid,0.6944266276300625,1849.99,1
816,2,17,at bid,0.7522743070067398,1849.99,1
817,2,17,at bid,0.7840475252830027,1849.99,1
818,2,17,at ask,0.8026096583867702,1850.01,1
819,2,17,at ask,0.8613540175575352,1850.01,1
820,2,17,at bid,0.8845710014834762,1849.99,1
821,2,17,at bid,0.9176674716139337,1849.99,1
822,2,17,at bid,0.9605597045548365,1849.99,1
823,2,18,at bid,0.02854813708168145,1799.99,1
824,2,18,at bid,0.09464673879188568,1799.99,1
825,2,18,at bid,0.1681203026440149,1799.99,1
826,2,18,at bid,0.17158651942185757,1799.99,1
827,2,18,at ask,0.21403293704364823,1800.01,1
828,2,18,at bid,0.21845305618365135,1799.99,1
829,2,18,at bid,0.34750603256991464,1799.99,1
830,2,18,at bid,0.43228520378519397,1799.99,1
831,2,18,at ask,0.47582846149520797,1800.01,1
832,2,18,at ask,0.485694686802517,1800.01,1
833,2,18,at bid,0.6270104924553843,1799.99,1
834,2,18,at bid,0.6789790663636809,1799.99,1
835,2,18,at bid,0.8449385242228085,1799.99,1
836,2,18,at ask,0.8616472573849864,1800.01,1
837,2,18,at bid,0.8731614243185741,1799.99,1
838,2,18,at bid,0.9932101000248649,1799.99,1
839,2,19,at bid,0.18210733574576732,1749.99,1
840,2,19,at bid,0.34658693276423624,1749.99,1
841,2,19,at ask,0.3974805756289036,1750.01,1
842,2,19,at ask,0.4413082506903444,1750.01,1
843,2,19,at bid,0.5305952519328463,1749.99,1
844,2,19,at ask,0.7282164766733569,1750.01,1
845,2,19,at bid,0.7753065995713533,1749.99,1
846,2,19,at bid,0.8963052587992333,1749.99,1
847,2,19,at bid,0.9759909427843183,1749.99,1
848,2,19,at ask,0.9931475041358282,1750.01,1
849,2,20,at bid,0.053973900145572434,1599.99,1
850,2,20,at bid,0.15727782378255273,1599.99,1
851,2,20,at ask,0.19856136520872264,1600.01,1
852,2,20,at bid,0.20141371759998314,1599.99,1
853,2,20,at bid,0.3158008232771294,1599.99,1
854,2,20,at bid,0.43672620618569,1599.99,1
855,2,20,at bid,0.5676210257677462,1599.99,1
856,2,20,at bid,0.5763133838155284,1599.99,1
857,2,20,at bid,0.5843298702552248,1599.99,1
858,2,20,at bid,0.6308069114636605,1599.99,1
859,2,20,at bid,0.7568229430775464,1599.99,1
860,2,20,at bid,0.9722598812052697,1599.99,1
861,2,20,at bid,0.9727489640088585,1599.99,1
862,2,21,at ask,0.14262680092685753,1450.01,1
863,2,21,at bid,0.16073140445369707,1449.99,1
864,2,21,at ask,0.24689821161760794,1450.01,1
865,2,21,at ask,0.4271251842870629,1450.01,1
866,2,21,at ask,0.504386174137745,1450.01,1
867,2,21,at ask,0.5070243605061978,1450.01,1
868,2,21,at ask,0.5753310040471552,1450.01,1
869,2,21,at bid,0.6527890941636798,1449.99,1
870,2,21,at ask,0.6615554869729618,1450.01,1
871,2,21,at ask,0.7193106437092545,1450.01,1
872,2,21,at ask,0.7288282118917225,1450.01,1
873,2,21,at ask,0.7376957672739253,1450.01,1
874,2,21,at ask,0.7828017783815544,1450.01,1
875,2,21,at ask,0.8047501666114376,1450.01,1
876,2,21,at ask,0.8131410231594854,1450.01,1
877,2,21,at ask,0.9873548124543223,1450.01,1
878,2,22,at ask,0.009022885590574143,1300.01,1
879,2,22,at ask,0.07929608735302357,1300.01,1
880,2,22,at ask,0.24832074924852707,1300.01,1
881,2,22,at bid,0.2811237772761916,1299.99,1
882,2,22,at ask,0.5835629489724494,1300.01,1
883,2,22,at ask,0.6143017099515791,1300.01,1
884,2,22,at ask,0.6253410002528821,1300.01,1
885,2,22,at ask,0.656323117645795,1300.01,1
886,2,22,at ask,0.659016170845518,1300.01,1
887,2,22,at ask,0.8124878018461739,1300.01,1
888,2,23,at bid,0.04380584059632375,1349.99,1
889,2,23,at ask,0.06289918767253477,1350.01,1
890,2,23,at bid,0.38893998568844856,1349.99,1
891,2,23,at ask,0.41357942088634925,1350.01,1
892,2,23,at ask,0.4280577638069679,1350.01,1
893,2,23,at ask,0.433877483138618,1350.01,1
894,2,23,at ask,0.5026719762562195,1350.01,1
895,2,23,at ask,0.5263746460326979,1350.01,1
896,2,23,at ask,0.5279178562303752,1350.01,1
897,2,23,at ask,0.563220667608181,1350.01,1
898,2,23,at ask,0.61308895948819,1350.01,1
899,2,23,at bid,0.6667777577571531,1349.99,1
900,2,23,at ask,0.6798615975559914,1350.01,1
901,2,23,at ask,0.8239026611024319,1350.01,1
902,2,23,at ask,0.8261145929601924,1350.01,1
903,2,23,at ask,0.8395293783917444,1350.01,1
904,2,23,at ask,0.9090124204714348,1350.01,1
905,2,24,at ask,0.05076929225617089,1250.01,1
906,2,24,at ask,0.06669830396020424,1250.01,1
907,2,24,at ask,0.07283170155064064,1250.01,1
908,2,24,at ask,0.09219669670863499,1250.01,1
909,2,24,at ask,0.14190038027911012,1250.01,1
910,2,24,at ask,0.33404169815795004,1250.01,1
911,2,24,at bid,0.39305817096577944,1249.99,1
912,2,24,at ask,0.4256162800233554,1250.01,1
913,2,24,at ask,0.4651266432574227,1250.01,1
914,2,24,at ask,0.5530335604332132,1250.01,1
915,2,24,at ask,0.6255260248643314,1250.01,1
916,2,24,at ask,0.6421178776974754,1250.01,1
917,2,24,at ask,0.6895032147621768,1250.01,1
918,2,24,at ask,0.7432431540406275,1250.01,1
919,2,24,at ask,0.7501653455728149,1250.01,1
920,2,24,at ask,0.7717489619569904,1250.01,1
921,2,24,at ask,0.8293272684748582,1250.01,1
922,2,24,at ask,0.971715032533177,1250.01,1
923,2,24,at ask,0.9989683294197989,1250.01,1
924,2,25,at ask,0.03473354561310049,1400.01,1
925,2,25,at ask,0.04497924561647856,1400.01,1
926,2,25,at ask,0.050228420299703154,1400.01,1
927,2,25,at bid,0.1363580579417214,1399.99,1
928,2,25,at ask,0.2850208531301627,1400.01,1
929,2,25,at ask,0.30866481608623814,1400.01,1
930,2,25,at ask,0.33220141659240215,1400.01,1
931,2,25,at bid,0.33711882703659085,1399.99,1
932,2,25,at ask,0.4221544623101911,1400.01,1
933,2,25,at bid,0.49294921047945145,1399.99,1
934,2,25,at ask,0.586537321051978,1400.01,1
935,2,25,at bid,0.6770833286773298,1399.99,1
936,2,25,at ask,0.7976342311669665,1400.01,1
937,2,25,at ask,0.8991713078257814,1400.01,1
938,2,25,at bid,0.9051683137400066,1399.99,1
939,2,25,at ask,0.9667231362111233,1400.01,1
940,2,26,at bid,0.04147830735906765,1449.99,1
941,2,26,at ask,0.0471386130602332,1450.01,1
942,2,26,at ask,0.08623299872599074,1450.01,1
943,2,26,at ask,0.13064049140584374,1450.01,1
944,2,26,at bid,0.1664581626948912,1449.99,1
945,2,26,at bid,0.29712609678681096,1449.99,1
946,2,26,at bid,0.32648949428921176,1449.99,1
947,2,26,at ask,0.35837367877532,1450.01,1
948,2,26,at ask,0.4630520624286171,1450.01,1
949,2,26,at ask,0.531492957601108,1450.01,1
950,2,26,at ask,0.675005388569743,1450.01,1
951,2,26,at bid,0.7237641131740505,1449.99,1
952,2,26,at ask,0.7723089000668014,1450.01,1
953,2,26,at bid,0.7733721766167816,1449.99,1
954,2,26,at ask,0.7843864515609894,1450.01,1
955,2,26,at bid,0.8852015517794599,1449.99,1
956,2,27,at ask,0.004012863838074583,1600.01,1
957,2,27,at ask,0.12292020022873539,1600.01,1
958,2,27,at ask,0.12556988177451367,1600.01,1
959,2,27,at bid,0.14252024964976662,1599.99,1
960,2,27,at ask,0.15678475099657915,1600.01,1
961,2,27,at ask,0.3280906234966831,1600.01,1
962,2,27,at ask,0.3306742183984232,1600.01,1
963,2,27,at bid,0.3366917319381718,1599.99,1
964,2,27,at ask,0.6053857323319831,1600.01,1
965,2,27,at ask,0.7311712787209598,1600.01,1
966,2,27,at ask,0.7394938657473765,1600.01,1
967,2,27,at ask,0.8214198640636952,1600.01,1
968,2,27,at ask,0.8420046205521344,1600.01,1
969,2,27,at ask,0.8981595223036405,1600.01,1
970,2,28,at ask,0.003841832431723074,1500.01,1
971,2,28,at ask,0.28466373163723635,1500.01,1
972,2,28,at ask,0.2920650631068914,1500.01,1
973,2,28,at ask,0.44123872859463287,1500.01,1
974,2,28,at ask,0.48244009089842804,1500.01,1
975,2,28,at ask,0.5392312272339927,1500.01,1
976,2,28,at ask,0.754089483830724,1500.01,1
977,2,28,at ask,0.9071530029827755,1500.01,1
978,2,29,at ask,0.10247592603498294,1650.01,1
979,2,29,at ask,0.15053515342048324,1650.01,1
980,2,29,at ask,0.15063470264324014,1650.01,1
981,2,29,at bid,0.2823188234886225,1649.99,1
982,2,29,at ask,0.2828236646462221,1650.01,1
983,2,29,at ask,0.5262416761093325,1650.01,1
984,2,29,at ask,0.5765204998467475,1650.01,1
985,2,29,at ask,0.5874137148202633,1650.01,1
986,2,29,at ask,0.6105102062439696,1650.01,1
987,2,29,at ask,0.7680579587174541,1650.01,1
988,2,29,at ask,0.8160638084736617,1650.01,1
989,2,29,at ask,0.8626184347314797,1650.01,1
990,2,29,at ask,0.901177681800097,1650.01,1
991,2,29,at ask,0.9531616425236099,1650.01,1
992,2,30,at ask,0.03129220165259576,1800.01,1
993,2,30,at ask,0.06413959676110763,1800.01,1
994,2,30,at ask,0.09363697304982468,1800.01,1
995,2,30,at ask,0.137530561792564,1800.01,1
996,2,30,at ask,0.20300074463277373,1800.01,1
997,2,30,at ask,0.32204161964994016,1800.01,1
998,2,30,at ask,0.38680574875870444,1800.01,1
999,2,30,at bid,0.5190541353769469,1799.99,1
1000,2,30,at bid,0.5663049475164571,1799.99,1
1001,2,30,at ask,0.6034605591079054,1800.01,1
1002,2,30,at ask,0.619218095323436,1800.01,1
1003,2,30,at ask,0.6421400442049477,1800.01,1
1004,2,30,at ask,0.9159421578838481,1800.01,1
1005,2,30,at ask,0.9187858205760664,1800.01,1
1006,2,30,at bid,0.9796054504298638,1799.99,1
1007,2,30,at ask,0.9963927735623969,1800.01,1
1008,2,31,at ask,0.024525968198895687,1900.01,1
1009,2,31,at bid,0.15968349401060078,1899.99,1
1010,2,31,at ask,0.30270268407592693,1900.01,1
1011,2,31,at ask,0.3203172832870533,1900.01,1
1012,2,31,at ask,0.42877572502816397,1900.01,1
1013,2,31,at ask,0.44423075502601594,1900.01,1
1014,2,31,at ask,0.4886405596841736,1900.01,1
1015,2,31,at ask,0.5724723198140872,1900.01,1
1016,2,31,at ask,0.6091991053767973,1900.01,1
1017,2,31,at ask,0.6892872116576181,1900.01,1
1018,2,31,at ask,0.7400147171480166,1900.01,1
1019,2,31,at ask,0.7928805353801655,1900.01,1
1020,2,32,at bid,0.03245457956046207,1749.99,1
1021,2,32,at bid,0.10166576354919796,1749.99,1
1022,2,32,at bid,0.12191842969027215,1749.99,1
1023,2,32,at bid,0.18827848632814037,1749.99,1
1024,2,32,at bid,0.35145023318955865,1749.99,1
1025,2,32,at bid,0.39446239237390435,1749.99,1
1026,2,32,at ask,0.460423065726797,1750.01,1
1027,2,32,at bid,0.5694418685033307,1749.99,1
1028,2,32,at bid,0.6245002147958737,1749.99,1
1029,2,32,at bid,0.6248361865820835,1749.99,1
1030,2,32,at bid,0.6295880697362788,1749.99,1
1031,2,32,at bid,0.8169508545157397,1749.99,1
1032,2,32,at bid,0.8216615112952449,1749.99,1
1033,2,32,at bid,0.8803432818486909,1749.99,1
1034,2,32,at bid,0.8854202019819113,1749.99,1
1035,2,32,at bid,0.9184944674816757,1749.99,1
1036,2,32,at bid,0.924437537574807,1749.99,1
1037,2,33,at bid,0.06141948227774531,1899.99,1
1038,2,33,at bid,0.14417757137492188,1899.99,1
1039,2,33,at bid,0.16435656912880847,1899.99,1
1040,2,33,at bid,0.2236169168063194,1899.99,1
1041,2,33,at bid,0.2866993868748423,1899.99,1
1042,2,33,at bid,0.2982224074951126,1899.99,1
1043,2,33,at bid,0.35288477701850424,1899.99,1
1044,2,33,at bid,0.5602262138809128,1899.99,1
1045,2,33,at bid,0.6565932251089809,1899.99,1
1046,2,33,at bid,0.6603531338463233,1899.99,1
1047,2,33,at bid,0.7050055895546644,1899.99,1
1048,2,33,at bid,0.7346382933660962,1899.99,1
1049,2,33,at bid,0.7807345386648317,1899.99,1
1050,2,33,at bid,0.8744654671220133,1899.99,1
1051,2,33,at bid,0.8857545270395571,1899.99,1
1052,2,33,at ask,0.9605726054238429,1900.01,1
1053,2,34,at ask,0.07439818404227896,1750.01,1
1054,2,34,at ask,0.07491627570809374,1750.01,1
1055,2,34,at bid,0.24661826668660403,1749.99,1
1056,2,34,at bid,0.24979111451043234,1749.99,1
1057,2,34,at bid,0.537875208017574,1749.99,1
1058,2,34,at ask,0.6017390940071543,1750.01,1
1059,2,34,at bid,0.7721172794281436,1749.99,1
1060,2,34,at ask,0.8466369401910278,1750.01,1
1061,2,35,at bid,0.035335623112154005,1649.99,1
1062,2,35,at ask,0.07584900924762875,1650.01,1
1063,2,35,at bid,0.12079753976423296,1649.99,1
1064,2,35,at bid,0.30952686641871957,1649.99,1
1065,2,35,at bid,0.34526545275478615,1649.99,1
1066,2,35,at bid,0.42797538939204105,1649.99,1
1067,2,35,at bid,0.5358221089710098,1649.99,1
1068,2,35,at bid,0.5405559870492865,1649.99,1
1069,2,35,at ask,0.5491368362759586,1650.01,1
1070,2,35,at bid,0.6588056774942925,1649.99,1
1071,2,35,at bid,0.8230743831854153,1649.99,1
1072,2,35,at bid,0.8430454651837103,1649.99,1
1073,2,35,at bid,0.9381456674180126,1649.99,1
1074,2,36,at bid,0.0929722510346552,1549.99,1
1075,2,36,at bid,0.1753107842848096,1549.99,1
1076,2,36,at ask,0.3119946209961013,1550.01,1
1077,2,36,at ask,0.37512361801205896,1550.01,1
1078,2,36,at bid,0.4192734053274964,1549.99,1
1079,2,36,at ask,0.4470458266205851,1550.01,1
1080,2,36,at ask,0.47786256276715466,1550.01,1
1081,2,36,at ask,0.50296731669453,1550.01,1
1082,2,36,at bid,0.6364701364486762,1549.99,1
1083,2,36,at bid,0.6375817789819432,1549.99,1
1084,2,36,at ask,0.7345409768597819,1550.01,1
1085,2,36,at bid,0.8438908737849576,1549.99,1
1086,2,36,at ask,0.9166748555586484,1550.01,1
1087,2,36,at bid,0.9822236332915337,1549.99,1
1088,2,37,at bid,0.21095898005015132,1699.99,1
1089,2,37,at bid,0.2432696296049457,1699.99,1
1090,2,37,at bid,0.3314776435962995,1699.99,1
1091,2,37,at ask,0.33638110750731276,1700.01,1
1092,2,37,at bid,0.36057156133074664,1699.99,1
1093,2,37,at ask,0.41355239023062806,1700.01,1
1094,2,37,at bid,0.4627581608615219,1699.99,1
1095,2,37,at bid,0.5018072103696943,1699.99,1
1096,2,37,at bid,0.5174197204512486,1699.99,1
1097,2,37,at bid,0.743393689980119,1699.99,1
1098,2,37,at bid,0.8361025349088065,1699.99,1
1099,2,37,at bid,0.9027334748906225,1699.99,1
1100,2,37,at bid,0.9566080917437338,1699.99,1
1101,2,37,at bid,0.9755184093202325,1699.99,1
1102,2,38,at bid,0.2953360221204199,1549.99,1
1103,2,38,at ask,0.296975769575595,1550.01,1
1104,2,38,at bid,0.3504703087634913,1549.99,1
1105,2,38,at bid,0.3526845564770386,1549.99,1
1106,2,38,at bid,0.4872873096732549,1549.99,1
1107,2,38,at ask,0.5078642168360268,1550.01,1
1108,2,38,at bid,0.5882555262152672,1549.99,1
1109,2,38,at bid,0.7636076094037091,1549.99,1
1110,2,38,at bid,0.8457265972331828,1549.99,1
1111,2,38,at bid,0.8963654614747295,1549.99,1
1112,2,38,at bid,0.9437028726524442,1549.99,1
1113,2,38,at bid,0.9493166633602057,1549.99,1
1114,2,38,at bid,0.966129246388943,1549.99,1
1115,2,39,at ask,0.014537731820610186,1400.01,1
1116,2,39,at ask,0.3685691351281533,1400.01,1
1117,2,39,at ask,0.39512271800106885,1400.01,1
1118,2,39,at ask,0.4459680962226696,1400.01,1
1119,2,39,at bid,0.6510842408117444,1399.99,1
1120,2,39,at bid,0.7284104240674928,1399.99,1
1121,2,39,at ask,0.8073842198271993,1400.01,1
1122,2,40,at bid,0.04504080367528568,1249.99,1
1123,2,40,at bid,0.05962702840307798,1249.99,1
1124,2,40,at bid,0.0605119340064722,1249.99,1
1125,2,40,at bid,0.1645486964500773,1249.99,1
1126,2,40,at bid,0.2056994178128099,1249.99,1
1127,2,40,at ask,0.2695898927066359,1250.01,1
1128,2,40,at ask,0.3172746892722266,1250.01,1
1129,2,40,at bid,0.37703496813939896,1249.99,1
1130,2,40,at bid,0.567734392164632,1249.99,1
1131,2,40,at ask,0.837965143769007,1250.01,1
1132,2,40,at ask,0.9560093529027982,1250.01,1
